Paper ID,Publishable,Conference,Rationale
P001,1,CVPR,"This paper is best suited for CVPR (Conference on Computer Vision and Pattern Recognition) as it involves computer vision and sensor fusion techniques, such as LiDAR and clustering algorithms, to track and localize drones in 3D space. CVPR is a top-tier conference for computer vision research, making it an ideal platform for this work."
P002,0,na,na
P003,0,na,na
P004,1,KDD,"This paper is best suited for KDD (Knowledge Discovery and Data Mining) conference as it introduces a novel concept of training-free graph neural networks, leveraging label features to enhance node classification, and demonstrates improved performance over existing GNNs through empirical evaluations."
P005,1,CVPR,"This paper is best suited for CVPR (Computer Vision and Pattern Recognition) due to its focus on image segmentation, object recognition, and computer vision techniques, such as SVM and Graph Cuts, making it a strong fit for the conference's scope and audience."
P006,0,na,na
P007,1,EMNLP,"This research paper proposes an end-to-end discourse parser that jointly parses syntax and discourse levels, eliminating the need for preprocessing. It achieves state-of-the-art accuracy and is well-suited for publication at the EMNLP conference, which focuses on empirical methods in natural language processing."
P008,1,EMNLP,"This research paper is best suited for EMNLP due to its focus on natural language processing, specifically investigating Chain-of-Thought prompting and its impact on language models' performance on complex reasoning tasks, aligning with EMNLP's emphasis on empirical methods in natural language processing."
P009,1,TMLR,"This research paper is best suited for the Transactions on Machine Learning Research (TMLR) conference due to its focus on Bayesian learning, online inference, and model aggregation, which aligns with TMLR's scope of publishing original research in machine learning."
P010,1,KDD,"The research paper on Model-Based Counterfactual Advantage Learning (MBCAL) is best suited for KDD (Knowledge Discovery and Data Mining) conference, as it focuses on optimizing recommender systems using reinforcement learning, aligning with KDD's emphasis on data mining and knowledge discovery in complex systems."
P011,1,KDD,"This research paper is best suited for the KDD (Knowledge Discovery and Data Mining) conference as it focuses on developing and applying statistical techniques to identify Heterogeneous Treatment Effects in A/B testing, leveraging data mining and machine learning concepts to drive data-driven decision-making."
P012,1,EMNLP,"This research paper is best suited for publication in the EMNLP (Empirical Methods in Natural Language Processing) conference as it investigates the scaling characteristics of transformers in language prediction, clarifying discrepancies in previous studies and providing recommendations for optimal parameter configuration, which is a key topic in NLP research."
P013,1,TMLR,"The paper is best suited for TMLR (Transaction on Machine Learning Research) because it introduces a novel application of PatternAttribution, a method from the vision domain, to the language domain, demonstrating its effectiveness in explaining deep neural network classifications. TMLR focuses on publishing original research in machine learning, making it a suitable fit."
P014,1,CVPR,"This paper is best suited for CVPR (Computer Vision and Pattern Recognition) conference due to its focus on computer vision tasks, specifically active speaker detection, and the use of 3D CNN, temporal convolution, and LSTM classifiers, which are relevant to the CVPR community."
P015,1,CVPR,"This research paper is best suited for CVPR (Computer Vision and Pattern Recognition) conference because it focuses on computer vision applications in autonomous driving, specifically 3D lidar object recognition and trajectory forecasting, which are key areas of interest in the CVPR community."
P016,0,na,na
P017,1,EMNLP,"This paper is best suited for EMNLP (Empirical Methods in Natural Language Processing) conference as it involves natural language processing techniques, such as concept-mapped lexical chains and emotion/concept mapping, to analyze video comments and detect highlights, making it a strong fit for EMNLP's focus on empirical methods in NLP."
P018,1,NeurIPS,"This research paper is best suited for NeurIPS due to its focus on deep reinforcement learning and neural networks, aligning with NeurIPS' emphasis on machine learning and artificial intelligence. The novel ""plasticity injection"" approach offers a new perspective on addressing plasticity loss, making it a strong fit for NeurIPS' competitive and innovative submissions."
P019,1,KDD,"This paper is best suited for the KDD (Knowledge Discovery and Data Mining) conference due to its focus on developing and applying machine learning models to real-world healthcare data, specifically using digital adherence technologies to predict patient treatment outcomes and prevent missed doses."
P020,0,na,na
P021,1,CVPR,"This paper is best suited for CVPR (Conference on Computer Vision and Pattern Recognition) due to its focus on computer vision tasks, specifically motion prediction and addressing the domain shift problem. The use of a novel architecture and self-attention mechanism aligns with CVPR's emphasis on innovative computer vision techniques and applications."
P022,0,na,na
P023,1,CVPR,"This paper is best suited for CVPR (Conference on Computer Vision and Pattern Recognition) as it proposes a computational model for saliency detection in images, inspired by the reverse hierarchy theory, and evaluates its performance on standard eye-tracking datasets, making it a strong fit for a computer vision conference."
P024,1,CVPR,"This paper is best suited for CVPR (Conference on Computer Vision and Pattern Recognition) as it investigates label-only backdoor attacks in machine learning, specifically in the context of image classification, which is a key area of focus for CVPR. The novel FLIP attack mechanism has implications for computer vision security and robustness."
P025,1,CVPR,"This research paper is best suited for CVPR (Conference on Computer Vision and Pattern Recognition) as it introduces a novel nonparametric approach to scene parsing, enhancing precision and scope of foreground categories. The method's focus on computer vision and image parsing aligns with CVPR's scope, making it an ideal fit."
P026,0,na,na
P027,1,EMNLP,"This research paper is best suited for EMNLP (Empirical Methods in Natural Language Processing) conference as it presents a novel approach to learning emoji representations using Unicode descriptions, with applications in sentiment analysis on social media, a key area of focus for EMNLP."
P028,1,CVPR,"This paper is best suited for CVPR (Conference on Computer Vision and Pattern Recognition) as it introduces a novel task and multimodal corpus for grounded language understanding, and extends a vision model to disambiguate sentences using visual scenes, aligning with CVPR's focus on computer vision and multimodal research."
P029,1,EMNLP,"This research paper is best suited for the EMNLP (Empirical Methods in Natural Language Processing) conference because it introduces OpenOmni, an open-source platform for benchmarking multimodal conversational systems, leveraging advanced NLP technologies like Speech-to-Text and Large Language Models. EMNLP focuses on empirical methods in NLP, making it a fitting venue for this work."
P030,1,NeurIPS,"This research paper is best suited for NeurIPS (Conference on Neural Information Processing Systems) as it focuses on advancing dynamic shape compilers for deep learning tasks, addressing memory optimization challenges in dynamic shape graphs, and presenting a novel hybrid approach to optimize memory consumption."
P031,1,EMNLP,"This research paper is best suited for EMNLP (Empirical Methods in Natural Language Processing) conference as it leverages NLP techniques, such as Graph Neural Networks and word embeddings, to detect and explain Islamophobic hate speech, aligning with EMNLP's focus on innovative NLP methods and applications."
P032,0,na,na
P033,1,EMNLP,"This paper is best suited for EMNLP (Empirical Methods in Natural Language Processing) conference because it presents a novel approach to AMR (Abstract Meaning Representation) parsing, a key area of research in NLP. The paper's focus on empirical evaluation and comparison of results on English datasets aligns with EMNLP's emphasis on empirical methods and corpus-based approaches in NLP."
P034,1,CVPR,"This paper is best suited for CVPR due to its focus on computer vision and introduction of Dual PatchNorm, a modification for Vision Transformers. CVPR is a top-tier conference for computer vision research, making it an ideal platform for showcasing innovative architectures like Dual PatchNorm. The paper's experimental results and evaluations on various tasks align with CVPR's scope and audience."
P035,0,na,na
P036,0,na,na
P037,1,EMNLP,"This paper is well-suited for EMNLP due to its focus on natural language processing (NLP) and machine learning, specifically Chinese machine reading comprehension. EMNLP is a premier conference for NLP research, and the paper's introduction of a novel dataset and baseline models aligns with the conference's scope and interests."
P038,0,na,na
P039,0,na,na
P040,1,CVPR,"This paper is best suited for CVPR (Conference on Computer Vision and Pattern Recognition) as it utilizes Convolutional Neural Networks (CNNs) for turbulent flow prediction, a computer vision technique. The application of CNNs in a 3D environment and real-time prediction aligns with CVPR's focus on computer vision and pattern recognition."
P041,0,na,na
P042,1,NeurIPS,"This paper is best suited for NeurIPS due to its focus on a novel, learning-based approach to image registration, utilizing dataset-specific features and demonstrating superior registration accuracy and faster convergence. NeurIPS is a top-tier conference for machine learning and artificial intelligence research, making it an ideal fit for this paper's innovative, AI-driven methodology."
P043,0,na,na
P044,1,KDD,"This research paper is best suited for KDD (Knowledge Discovery and Data Mining) conference as it introduces a large-scale multimodal dataset (CropNet) and a package for climate-aware crop yield prediction, leveraging deep learning and data mining techniques to improve food security and sustainable agriculture."
P045,1,CVPR,"This research paper is best suited for CVPR (Computer Vision and Pattern Recognition) conference as it presents a novel approach to merging visual foundation models through multi-teacher distillation, leading to improved performance and efficiency in various downstream computer vision tasks."
P046,1,KDD,"This research paper is best suited for KDD (Knowledge Discovery and Data Mining) conference as it explores the vulnerability of Graph Neural Networks (GNNs) to adversarial attacks, combining poisoning and evasion threats, and proposes a novel adaptive attack method. KDD is a top-tier conference for data mining and knowledge discovery, making it a suitable platform for this paper's focus on graph-based machine learning security."
P047,0,na,na
P048,0,na,na
P049,1,CVPR,"This research paper is best suited for CVPR (Conference on Computer Vision and Pattern Recognition) as it introduces a self-adaptive methodology for semantic segmentation, improving generalization to out-of-domain data, a key challenge in computer vision. The paper's focus on deep learning, adaptation, and generalization aligns with CVPR's scope."
P050,1,EMNLP,"This research paper is best suited for EMNLP (Conference on Empirical Methods in Natural Language Processing) as it focuses on interpreting deep learning models for natural language inference tasks, aligning with EMNLP's themes of NLP and machine learning."
P051,1,EMNLP,"This research paper is best suited for EMNLP (Empirical Methods in Natural Language Processing) conference as it focuses on natural language processing tasks, specifically part-of-speech (POS) tagging, and introduces a novel method for real-time unsupervised domain adaptation. EMNLP is a top-tier conference for NLP research, making it an ideal fit."
P052,1,KDD,"This research paper is best suited for the KDD (Knowledge Discovery and Data Mining) conference as it introduces a novel neural network architecture, Alpha Discovery Neural Network (ADNN), for automated feature generation in financial applications, leveraging domain-specific expertise and deep learning techniques to improve upon existing methods like genetic programming."
P053,0,na,na
P054,1,CVPR,"This paper is best suited for CVPR (Conference on Computer Vision and Pattern Recognition) as it focuses on computer vision techniques for 3D food reconstruction, a key application in nutritional monitoring and dietary tracking, aligning with CVPR's scope of innovative computer vision research."
P055,1,EMNLP,"This paper is best suited for EMNLP because it explores the impact of a new ethics requirement in AI research, specifically in the context of a conference (likely EMNLP itself). The paper's focus on AI ethics, researcher experiences, and conference policies aligns with EMNLP's scope, which includes natural language processing and AI applications."
P056,0,na,na
P057,1,CVPR,"This paper is best suited for CVPR (Conference on Computer Vision and Pattern Recognition) because it involves machine learning, a key aspect of computer vision, and explores its application in a creative field like artwork generation. The use of machine learning to partially complete artwork and project additions onto a canvas aligns with CVPR's focus on computer vision and pattern recognition techniques."
P058,1,NeurIPS,"This research paper is best suited for NeurIPS due to its focus on a counterintuitive discovery in deep learning, specifically the application of positional encoding to RNNs. NeurIPS is a top-tier conference for novel and impactful research in machine learning, making it an ideal fit for this innovative findings."
P059,1,NeurIPS,"This paper is best suited for NeurIPS due to its innovative discovery that positional encoding improves RNNs' learning capabilities, particularly with extensive vocabularies and low-frequency tokens. NeurIPS is a top-tier conference for novel neural network architectures and techniques, making it an ideal fit for this counterintuitive research."
P060,1,CVPR,"This research paper is best suited for CVPR (Computer Vision and Pattern Recognition) conference as it focuses on advancements in background subtraction, a key topic in computer vision, and presents novel methods for improving background modeling and feature representations, aligning with CVPR's scope and audience."
P061,1,NeurIPS,"This research paper is best suited for NeurIPS due to its focus on innovative techniques in contrastive learning, a key area of interest in the NeurIPS community. The paper's emphasis on improving representation learning and its empirical evaluations align with NeurIPS' emphasis on novel, high-impact research in machine learning."
P062,1,NeurIPS,"This paper is best suited for NeurIPS due to its focus on developing novel methods for adapting large pretrained models while preserving equivariance properties, a key aspect of neural networks and machine learning research, which aligns with NeurIPS' emphasis on innovation and technical quality in AI and ML."
P063,1,NeurIPS,"This paper is best suited for NeurIPS due to its focus on deep learning and representation transferability. NeurIPS is a top-tier conference that emphasizes neural information processing systems, making it an ideal platform for publishing research on hierarchical distributed representations and knowledge sharing in deep networks."
P064,1,CVPR,"This paper is best suited for CVPR (Conference on Computer Vision and Pattern Recognition) as it focuses on enhancing large language models to interact with visual tools and generate images, which aligns with CVPR's scope of computer vision and multimodal processing."
P065,1,NeurIPS,"The paper investigates recursive inpainting on Stable Diffusion, a widely used image model. It finds that recursive inpainting can lead to image degradation and is influenced by factors like image type, inpainting area size, and iteration number. This study is best suited for NeurIPS, a top-tier conference on neural information processing systems, due to its focus on AI, machine learning, and computational neuroscience."
P066,1,EMNLP,"This paper is best suited for EMNLP due to its focus on natural language processing (NLP) and model compression techniques. EMNLP is a premier conference for NLP research, and the paper's evaluation of vocabulary transfer on various domains and tasks aligns with the conference's scope. The paper's emphasis on practical applications and performance-size trade-offs also fits with EMNLP's interests."
P067,1,EMNLP,"This paper is best suited for EMNLP (Empirical Methods in Natural Language Processing) conference as it introduces a novel Python API for accessing the FrameNet lexical database, enabling programmable natural language processing and offering interactive browsing capabilities. EMNLP focuses on empirical methods in NLP, making it a suitable platform for this research."
P068,1,CVPR,"The research paper on Feature Flow Net (FFNet) is best suited for CVPR (Computer Vision and Pattern Recognition) conference as it focuses on 3D object detection, a key area in computer vision, and presents a novel framework to address challenges in vehicle-infrastructure cooperative detection, making it a strong fit for the conference's technical scope."
P069,0,na,na
P070,0,na,na
P071,1,EMNLP,"This paper is best suited for EMNLP (Conference on Empirical Methods in Natural Language Processing) as it explores the application of deep learning techniques to improve spoken language understanding, a key area of focus for the conference. The paper's emphasis on contextualized embeddings and downstream task performance aligns with EMNLP's themes of natural language processing and empirical methods."
P072,1,NeurIPS,"This research paper is best suited for NeurIPS (Conference on Neural Information Processing Systems) as it focuses on the vulnerability of neural networks to adversarial attacks and evaluates the effectiveness of defense mechanisms, aligning with NeurIPS' topics on machine learning security and robustness."
P073,0,na,na
P074,1,CVPR,"This paper is best suited for CVPR (Computer Vision and Pattern Recognition) conference as it focuses on computer vision techniques, specifically aerial image analysis and pattern recognition, and utilizes Transformer-based models and data augmentation techniques to achieve state-of-the-art results in the Agriculture-Vision Challenge."
P075,1,EMNLP,"This paper is best suited for EMNLP (Empirical Methods in Natural Language Processing) conference as it explores the adaptation of video alignment for multi-step inference, utilizing natural language processing (NLP) and multimodal learning techniques, aligning with EMNLP's focus on empirical methods in NLP."
P076,0,na,na
P077,0,na,na
P078,0,na,na
P079,1,CVPR,"The research paper on OmniPrint is best suited for CVPR due to its focus on computer vision and machine learning applications, particularly in generating synthetic data for printed characters. CVPR is a top-tier conference for computer vision research, and OmniPrint's innovative approach to generating diverse characters aligns with the conference's scope."
P080,1,EMNLP,"This study evaluates the effectiveness of large language models (LLMs) in aiding scientific peer review. An LLM-based checklist assistant was used to vet 234 paper submissions, helping authors ensure compliance with research standards. The results show that over 70% of authors found the assistant helpful, suggesting its potential as a tool in conference settings, making it a suitable topic for the EMNLP conference."
P081,0,na,na
P082,1,CVPR,"The research paper is best suited for CVPR (Conference on Computer Vision and Pattern Recognition) as it presents a PyTorch library for variational algorithms, focusing on disentanglement, a key aspect of computer vision and representation learning. The library's applications in image reconstruction and latent space traversal align with CVPR's scope."
P083,1,EMNLP,"This paper is not best suited for EMNLP. It focuses on citation patterns and regional divides in NeurIPS, which is a general AI conference. EMNLP is a Natural Language Processing conference, making the paper's topic less relevant. A more suitable venue would be a conference focused on AI, academia, or science studies."
P084,1,EMNLP,"This paper is best suited for EMNLP conference as it utilizes large language models and cutting-edge natural language processing methodologies to analyze computer vision research, aligning with EMNLP's focus on natural language processing and its intersection with other AI areas, including computer vision."
P085,1,NeurIPS,"This paper is best suited for NeurIPS (Conference on Neural Information Processing Systems) as it aligns with the conference's focus on interdisciplinary research and machine learning applications, such as synthetic data and privacy protection. NeurIPS is a top-tier conference that encourages innovative and theoretically grounded research, making it an ideal platform for discussing the development of standardized SD privacy standards."
P086,0,na,na
P087,1,CVPR,"The research paper is best suited for CVPR (Computer Vision and Pattern Recognition) conference as it presents a novel framework for jointly tracking features in video, addressing challenges in low-quality video and occluded features, making it a significant contribution to the field of computer vision."
P088,1,NeurIPS,"This paper is best suited for NeurIPS conference as it explores the concept of modularity in artificial neural networks, reframing it as identifying groups of units with similar functions. The empirical analysis and findings on the effects of dropout and weight regularization on modularity align with NeurIPS' focus on machine learning and neural networks research."
P089,1,TMLR,"This research paper is best suited for the Top-tier Machine Learning Research (TMLR) conference as it presents a refined result on the neural tangent kernel (NTK) approximation, improving upon earlier work by Chizat et al. The paper's technical contribution and theoretical analysis align with TMLR's focus on high-quality machine learning research."
P090,1,NeurIPS,"This paper is best suited for NeurIPS due to its focus on advancing deep learning techniques, specifically adapting large pretrained models while preserving equivariance properties. NeurIPS is a top-tier conference that emphasizes novel machine learning methods, making it an ideal platform for showcasing this innovative approach."
P091,1,EMNLP,"The research paper is well-suited for EMNLP (Empirical Methods in Natural Language Processing) due to its focus on applying NER to a novel domain (call center conversations) and exploring advancements in ASR and contextual string embeddings, aligning with EMNLP's emphasis on empirical methods and innovative NLP applications."
P092,1,CVPR,"This research paper is best suited for CVPR (Computer Vision and Pattern Recognition) conference as it focuses on innovative image compression techniques using advanced residual networks and sub-pixel convolution, which are key topics in computer vision. The paper's emphasis on efficient image processing and evaluation metrics like MS-SSIM align with CVPR's scope, making it a strong fit for the conference."
P093,1,CVPR,"The research paper is best suited for CVPR (Conference on Computer Vision and Pattern Recognition) as it focuses on computational imaging, inverse problems, and deep image prior (DIP) models, which are all relevant to computer vision. The paper's emphasis on efficient early stopping strategies and overcoming practical limitations of DIP aligns with CVPR's scope."
P094,0,na,na
P095,1,NeurIPS,"The research paper is best suited for NeurIPS conference as it proposes a novel hierarchical RL method, JueWu-MC, that combines representation learning and imitation learning to tackle challenges in open-world games like Minecraft. The paper's focus on sample-efficient RL, representation learning, and imitation learning aligns with NeurIPS' emphasis on cutting-edge machine learning research."
P096,0,na,na
P097,0,na,na
P098,0,na,na
P099,1,EMNLP,"This paper is best suited for EMNLP due to its focus on natural language processing (NLP) and its application to video description generation, aligning with EMNLP's scope of topics such as language models, semantics, and multimodal processing. The paper's methodology and evaluation also fit within EMNLP's technical and empirical expectations."
P100,0,na,na
P101,1,KDD,"The research paper is best suited for the KDD (Knowledge Discovery and Data Mining) conference due to its focus on developing a novel methodology for disease detection using medical imaging data, emphasizing data mining and machine learning techniques, such as convolutional LSTM, to analyze large datasets."
P102,1,CVPR,"This research paper is best suited for CVPR (Conference on Computer Vision and Pattern Recognition) as it focuses on computer vision tasks related to car-related problems, introduces a large-scale dataset ""CompCars"", and explores applications such as car model classification and attribute prediction, aligning with CVPR's scope."
P103,1,EMNLP,"This paper is best suited for EMNLP (Empirical Methods in Natural Language Processing) conference as it focuses on natural language processing, specifically on adapting pretrained models, which is a key area of research in NLP. The NLC2CMD competition context also aligns with EMNLP's scope, making it a relevant platform for presentation."
P104,1,EMNLP,"The research paper is best suited to be published in the EMNLP (Empirical Methods in Natural Language Processing) conference as it focuses on improving the consistency and accuracy of pre-trained NLP models using natural language inference models, which is a key area of research in NLP. The paper's technical contributions and experimental results align with EMNLP's scope."
P105,0,na,na
P106,0,na,na
P107,0,na,na
P108,1,EMNLP,"This paper is best suited for EMNLP due to its focus on phonological typology and speech processing tasks, aligning with EMNLP's scope of natural language processing and speech technology. The paper's emphasis on adapting speech technologies to low-resource languages and dialects also fits EMNLP's interest in multilingual and low-resource language research."
P109,1,EMNLP,"This paper is best suited for EMNLP (Empirical Methods in Natural Language Processing) conference as it explores the application of machine learning and Transformer models to identify hate speech, a key area of focus in NLP. The proposed model's superior performance also aligns with EMNLP's emphasis on empirical results and innovative techniques in NLP."
P110,1,EMNLP,"This paper is best suited for EMNLP (Empirical Methods in Natural Language Processing) conference as it introduces LIDA, a novel dialogue annotation tool, which is a crucial aspect of natural language processing, and aligns with EMNLP's focus on empirical methods and tools for NLP tasks."
P111,1,TMLR,"This paper is best suited for the Transactions on Machine Learning Research (TMLR) conference as it presents a novel application of Bayesian neural networks to Bayesian optimization, showcasing improved performance over traditional Gaussian Processes in complex, high-dimensional tasks, particularly in physics and chemistry domains."
P112,1,KDD,"This research paper is best suited for KDD (Knowledge Discovery and Data Mining) conference as it presents a novel method for creating robust sequence representations by combining contextual and structural information, and demonstrates its effectiveness in edit distance approximation and closest string retrieval tasks, showcasing its potential for knowledge discovery in genomics data."
P113,1,TMLR,"This research paper is best suited for the Topological and Multimodal Learning for Representation (TMLR) conference due to its focus on novel applications of Graph Neural Networks (GNNs) and Model-based Reinforcement Learning (MBRL) in multi-agent systems, aligning with TMLR's interests in innovative machine learning techniques."
P114,1,CVPR,"This paper is best suited for CVPR (Computer Vision and Pattern Recognition) conference as it involves generative AI portraiture, a topic aligned with computer vision, and explores the intersection of human-computer interaction, empathy, and artistic stylization, which are also relevant to the CVPR community."
P115,1,CVPR,"This research paper is best suited for CVPR (Conference on Computer Vision and Pattern Recognition) as it focuses on multimodal models, vision and language processing, and large-scale models, which are all relevant to the computer vision field. The paper's exploration of instruction tuning and multimodal GPT-4 aligns with CVPR's topics."
P116,1,TMLR,"The research paper is best suited for the Transactions on Machine Learning Research (TMLR) conference because it introduces a novel generalization of decision tree algorithms, offering a trade-off between accuracy and computational cost, making it a strong fit for a venue focused on machine learning research."
P117,1,EMNLP,"This research paper is best suited for the EMNLP (Empirical Methods in Natural Language Processing) conference as it explores the relationship between word vectors and image tagging, leveraging linguistic patterns and deep neural networks to improve image tagging models. The paper's focus on natural language processing and machine learning aligns with EMNLP's scope."
P118,1,EMNLP,"This research paper is best suited for EMNLP (Empirical Methods in Natural Language Processing) conference as it introduces a novel cross-lingual neural part-of-speech tagger, DSDS, that leverages distant supervision and achieves state-of-the-art results without gold annotated data, aligning with EMNLP's focus on empirical NLP research."
P119,0,na,na
P120,1,EMNLP,"This paper is best suited for EMNLP (Empirical Methods in Natural Language Processing) conference because it presents a toolkit (diagNNose) for analyzing deep neural networks, specifically language models, and investigates subject-verb agreement, a key aspect of natural language processing. EMNLP is a premier conference for NLP research, making it a fitting venue for this work."
P121,1,NeurIPS,"This research paper is best suited for NeurIPS due to its focus on deep reinforcement learning and neural networks, aligning with NeurIPS' emphasis on machine learning and artificial intelligence. The paper's novel ""plasticity injection"" approach offers a unique solution to a pressing challenge, making it a strong fit for NeurIPS' competitive and innovative environment."
P122,1,KDD,"This paper is best suited for the KDD (Knowledge Discovery and Data Mining) conference as it introduces a novel technique utilizing geostationary satellite imagery for precipitation nowcasting, leveraging data mining and machine learning concepts to improve forecasting accuracy and coverage area."
P123,1,EMNLP,"This research paper is best suited for EMNLP (Empirical Methods in Natural Language Processing) conference as it explores the application of emoji occurrences in NLP tasks, such as sentiment, emotion, and sarcasm detection, and demonstrates state-of-the-art results using a pre-trained model, aligning with EMNLP's focus on empirical NLP research."
P124,0,na,na
P125,1,EMNLP,"The research paper is best suited for EMNLP due to its focus on natural language processing, specifically commonsense reasoning and discourse connectives. EMNLP is a top-tier conference in NLP, making it an ideal platform to showcase the novel benchmark, DISCOSENSE, and its potential to evaluate next-generation language models."
P126,1,TMLR,"This research paper is best suited for the Transactions on Machine Learning Research (TMLR) conference due to its focus on developing a novel algorithm for causal inference in linear Structural Causal Models, with rigorous theoretical foundations and extensive simulations and real-world applications, aligning with TMLR's emphasis on high-quality, impactful machine learning research."
P127,1,KDD,"This paper is best suited for the KDD (Knowledge Discovery and Data Mining) conference because it explores the intersection of machine learning and human-computer interaction, aligning with KDD's focus on interdisciplinary research. KDD's emphasis on knowledge discovery and data mining also makes it a suitable platform to discuss the implications of machine learning on personal privacy and propose strategies to mitigate these concerns."
P128,1,EMNLP,"The research paper is best suited for EMNLP conference as it focuses on natural language processing (NLP) tasks, specifically discourse deixis resolution in dialogue, which aligns with EMNLP's scope. The paper's technical contributions and state-of-the-art results also match the conference's emphasis on innovative NLP research."
P129,0,na,na
P130,0,na,na
P131,1,KDD,"This paper is best suited for KDD (Knowledge Discovery and Data Mining) conference as it involves discovering disentangled latent factors using a novel image preprocessing technique, leveraging inductive bias from pretrained networks, and fine-tuning with auxiliary tasks, demonstrating a innovative application of data mining and machine learning techniques."
P132,0,na,na
P133,1,EMNLP,"This paper is best suited for EMNLP due to its focus on natural language processing (NLP) and innovative approach to discontinuous parsing. EMNLP is a top-tier conference for NLP research, making it an ideal platform for showcasing this work. The paper's technical contributions and experimental results align with EMNLP's scope, increasing its potential for acceptance and impact."
P134,0,na,na
P135,1,TMLR,"This paper is best suited for TMLR (Transactions on Machine Learning Research) due to its focus on theoretical analysis of distributed stochastic variational inequalities, a fundamental problem in machine learning, and its application to decentralized training of Deep Generative Adversarial Networks (GANs). TMLR's emphasis on rigorous theoretical research makes it a suitable fit."
